1740887378502,GET,23,200
1740887378502,GET,23,200
1740887378502,GET,25,200
1740887378502,GET,25,200
1740887378502,GET,25,200
1740887378502,GET,25,200
1740887378502,GET,25,200
1740887378502,GET,25,200
1740887378502,GET,25,200
1740887378502,GET,25,200
1740887378528,POST,12,200
1740887378527,POST,14,200
1740887378527,POST,16,200
1740887378528,POST,15,200
1740887378527,POST,16,200
1740887378527,POST,16,200
1740887378527,POST,16,200
1740887378528,POST,15,200
1740887378528,POST,16,200
1740887378527,POST,17,200
1740887380507,GET,7,200
1740887380508,GET,11,200
1740887380507,GET,15,200
1740887380507,GET,15,200
1740887380510,GET,12,200
1740887380507,GET,16,200
1740887380522,GET,3,200
1740887380513,GET,16,200
1740887380522,GET,7,200
1740887380512,GET,17,200
1740887380514,POST,17,200
1740887380520,POST,13,200
1740887380525,POST,8,200
1740887380523,POST,11,200
1740887380523,POST,11,200
1740887380523,POST,11,200
1740887380523,POST,11,200
1740887380529,POST,6,200
1740887380529,POST,6,200
1740887380529,POST,6,200
1740887382528,GET,8,200
1740887382528,GET,9,200
1740887382529,GET,13,200
1740887382538,GET,4,200
1740887382532,GET,11,200
1740887382528,GET,15,200
1740887382533,GET,11,200
1740887382541,GET,4,200
1740887382541,GET,5,200
1740887382541,GET,9,200
1740887382542,POST,9,200
1740887382538,POST,14,200
1740887382536,POST,17,200
1740887382546,POST,7,200
1740887382545,POST,8,200
1740887382543,POST,10,200
1740887382543,POST,10,200
1740887382544,POST,9,200
1740887382543,POST,11,200
1740887382550,POST,4,200
1740887384547,GET,4,200
1740887384547,GET,4,200
1740887384549,GET,7,200
1740887384548,GET,10,200
1740887384547,GET,12,200
1740887384551,GET,8,200
1740887384547,GET,14,200
1740887384547,GET,14,200
1740887384556,GET,6,200
1740887384552,POST,10,200
1740887384559,GET,7,200
1740887384551,POST,16,200
1740887384562,POST,6,200
1740887384561,POST,8,200
1740887384561,POST,8,200
1740887384559,POST,11,200
1740887384558,POST,12,200
1740887384556,POST,14,200
1740887384559,POST,11,200
1740887384566,POST,5,200
1740887386561,GET,9,200
1740887386559,GET,12,200
1740887386565,GET,9,200
1740887386560,GET,15,200
1740887386562,GET,13,200
1740887386573,GET,4,200
1740887386573,GET,4,200
1740887386570,GET,9,200
1740887386573,GET,7,200
1740887386573,GET,7,200
1740887386570,POST,11,200
1740887386574,POST,9,200
1740887386577,POST,8,200
1740887386575,POST,10,200
1740887386571,POST,14,200
1740887386577,POST,8,200
1740887386575,POST,10,200
1740887386580,POST,6,200
1740887386580,POST,6,200
1740887386579,POST,7,200
1740887388580,GET,7,200
1740887388579,GET,9,200
1740887388587,GET,4,200
1740887388579,GET,16,200
1740887388583,GET,12,200
1740887388581,GET,15,200
1740887388591,GET,8,200
1740887388591,GET,8,200
1740887388591,GET,9,200
1740887388591,GET,9,200
1740887388589,POST,12,200
1740887388591,POST,11,200
1740887388587,POST,15,200
1740887388595,POST,7,200
1740887388595,POST,7,200
1740887388599,POST,4,200
1740887388596,POST,7,200
1740887388600,POST,4,200
1740887388600,POST,5,200
1740887388600,POST,5,200
1740887390597,GET,9,200
1740887390598,GET,8,200
1740887390597,GET,15,200
1740887390597,GET,16,200
1740887390598,GET,15,200
1740887390601,GET,12,200
1740887390609,GET,6,200
1740887390612,GET,5,200
1740887390613,GET,7,200
1740887390612,GET,8,200
1740887390606,POST,15,200
1740887390613,POST,9,200
1740887390609,POST,13,200
1740887390613,POST,10,200
1740887390617,POST,6,200
1740887390613,POST,10,200
1740887390612,POST,12,200
1740887390620,POST,5,200
1740887390615,POST,10,200
1740887390620,POST,5,200
1740887392619,GET,13,200
1740887392619,GET,13,200
1740887392619,GET,14,200
1740887392623,GET,10,200
1740887392618,GET,16,200
1740887392622,GET,12,200
1740887392620,GET,14,200
1740887392632,GET,4,200
1740887392632,GET,4,200
1740887392632,GET,7,200
1740887392633,POST,7,200
1740887392636,POST,6,200
1740887392636,POST,6,200
1740887392633,POST,9,200
1740887392634,POST,8,200
1740887392634,POST,9,200
1740887392632,POST,11,200
1740887392632,POST,11,200
1740887392639,POST,4,200
1740887392634,POST,9,200
1740887394638,GET,8,200
1740887394638,GET,9,200
1740887394640,GET,13,200
1740887394639,GET,14,200
1740887394638,GET,15,200
1740887394644,GET,9,200
1740887394649,GET,6,200
1740887394642,GET,13,200
1740887394651,GET,6,200
1740887394651,GET,8,200
1740887394653,POST,7,200
1740887394655,POST,7,200
1740887394655,POST,7,200
1740887394657,POST,5,200
1740887394653,POST,9,200
1740887394646,POST,16,200
1740887394653,POST,9,200
1740887394647,POST,15,200
1740887394653,POST,10,200
1740887394659,POST,4,200
1740887396659,GET,8,200
1740887396658,GET,11,200
1740887396660,GET,14,200
1740887396664,GET,10,200
1740887396661,GET,14,200
1740887396661,GET,15,200
1740887396670,GET,7,200
1740887396669,GET,9,200
1740887396669,GET,9,200
1740887396670,GET,8,200
1740887396667,POST,12,200
1740887396674,POST,6,200
1740887396674,POST,7,200
1740887396677,POST,5,200
1740887396675,POST,7,200
1740887396670,POST,12,200
1740887396676,POST,6,200
1740887396678,POST,5,200
1740887396678,POST,6,200
1740887396678,POST,6,200
