1740887965289,GET,27,200
1740887965289,GET,25,200
1740887965289,GET,27,200
1740887965289,GET,27,200
1740887965289,GET,25,200
1740887965289,GET,27,200
1740887965289,GET,26,200
1740887965289,GET,26,200
1740887965289,GET,26,200
1740887965289,GET,26,200
1740887965317,POST,12,200
1740887965317,POST,12,200
1740887965317,POST,13,200
1740887965317,POST,13,200
1740887965317,POST,14,200
1740887965317,POST,14,200
1740887965317,POST,14,200
1740887965317,POST,14,200
1740887965317,POST,14,200
1740887965317,POST,14,200
1740887967293,GET,5,200
1740887967293,GET,7,200
1740887967296,GET,5,200
1740887967293,GET,14,200
1740887967298,POST,9,200
1740887967302,GET,8,200
1740887967306,GET,4,200
1740887967306,GET,5,200
1740887967301,POST,10,200
1740887967300,GET,11,200
1740887967306,GET,5,200
1740887967306,GET,6,200
1740887967300,POST,15,200
1740887967307,POST,9,200
1740887967310,POST,7,200
1740887967311,POST,6,200
1740887967311,POST,6,200
1740887967310,POST,7,200
1740887967311,POST,8,200
1740887967312,POST,7,200
1740887969311,GET,7,200
1740887969312,GET,8,200
1740887969314,GET,9,200
1740887969313,GET,10,200
1740887969316,GET,7,200
1740887969312,GET,12,200
1740887969316,GET,8,200
1740887969312,GET,12,200
1740887969315,GET,9,200
1740887969320,GET,5,200
1740887969320,POST,10,200
1740887969325,POST,6,200
1740887969324,POST,7,200
1740887969323,POST,9,200
1740887969323,POST,9,200
1740887969323,POST,9,200
1740887969318,POST,14,200
1740887969324,POST,9,200
1740887969324,POST,9,200
1740887969324,POST,9,200
1740887971323,GET,5,200
1740887971323,GET,6,200
1740887971324,GET,8,200
1740887971325,GET,8,200
1740887971323,GET,11,200
1740887971322,GET,12,200
1740887971330,GET,5,200
1740887971323,GET,13,200
1740887971333,GET,6,200
1740887971334,GET,5,200
1740887971329,POST,11,200
1740887971336,POST,6,200
1740887971332,POST,10,200
1740887971333,POST,9,200
1740887971329,POST,13,200
1740887971334,POST,9,200
1740887971335,POST,8,200
1740887971334,POST,9,200
1740887971339,POST,5,200
1740887971339,POST,5,200
1740887973339,GET,6,200
1740887973339,GET,6,200
1740887973340,GET,13,200
1740887973339,GET,14,200
1740887973344,GET,11,200
1740887973345,POST,10,200
1740887973341,GET,14,200
1740887973348,GET,8,200
1740887973352,GET,5,200
1740887973346,GET,13,200
1740887973345,POST,14,200
1740887973355,GET,4,200
1740887973353,POST,7,200
1740887973355,POST,7,200
1740887973353,POST,9,200
1740887973357,POST,5,200
1740887973356,POST,6,200
1740887973359,POST,4,200
1740887973359,POST,4,200
1740887973355,POST,8,200
1740887975360,GET,8,200
1740887975360,GET,14,200
1740887975364,GET,11,200
1740887975360,GET,15,200
1740887975361,GET,17,200
1740887975374,GET,5,200
1740887975375,GET,8,200
1740887975375,GET,8,200
1740887975375,GET,8,200
1740887975374,GET,9,200
1740887975368,POST,17,200
1740887975375,POST,12,200
1740887975378,POST,9,200
1740887975375,POST,12,200
1740887975374,POST,13,200
1740887975379,POST,8,200
1740887975383,POST,5,200
1740887975383,POST,5,200
1740887975383,POST,5,200
1740887975383,POST,5,200
1740887977379,GET,11,200
1740887977380,GET,10,200
1740887977385,GET,6,200
1740887977381,GET,11,200
1740887977379,GET,13,200
1740887977381,GET,12,200
1740887977391,GET,4,200
1740887977391,GET,4,200
1740887977391,GET,4,200
1740887977390,GET,8,200
1740887977390,POST,9,200
1740887977390,POST,10,200
1740887977395,POST,6,200
1740887977393,POST,8,200
1740887977395,POST,6,200
1740887977395,POST,6,200
1740887977392,POST,9,200
1740887977392,POST,9,200
1740887977391,POST,11,200
1740887977398,POST,4,200
1740887979397,GET,8,200
1740887979397,GET,11,200
1740887979406,GET,5,200
1740887979398,GET,13,200
1740887979399,GET,12,200
1740887979402,GET,10,200
1740887979397,GET,15,200
1740887979409,GET,4,200
1740887979407,GET,10,200
1740887979409,GET,9,200
1740887979411,POST,9,200
1740887979405,POST,16,200
1740887979413,POST,8,200
1740887979408,POST,13,200
1740887979411,POST,10,200
1740887979418,POST,5,200
1740887979412,POST,11,200
1740887979412,POST,11,200
1740887979417,POST,6,200
1740887979412,POST,11,200
1740887981415,GET,10,200
1740887981416,GET,9,200
1740887981423,GET,6,200
1740887981417,GET,12,200
1740887981415,GET,14,200
1740887981427,GET,14,200
1740887981427,GET,14,200
1740887981427,GET,14,200
1740887981427,GET,14,200
1740887981427,GET,14,200
1740887981425,POST,19,200
1740887981429,POST,16,200
1740887981429,POST,16,200
1740887981429,POST,16,200
1740887981425,POST,20,200
1740887981441,POST,5,200
1740887981441,POST,6,200
1740887981441,POST,6,200
1740887981441,POST,7,200
1740887981441,POST,7,200
1740887983428,GET,3,200
1740887983428,GET,3,200
1740887983430,GET,2,200
1740887983430,GET,4,200
1740887983429,GET,6,200
1740887983428,GET,8,200
1740887983429,GET,7,200
1740887983431,GET,5,200
1740887983432,GET,4,200
1740887983431,POST,7,200
1740887983433,GET,6,200
1740887983434,POST,6,200
1740887983436,POST,5,200
1740887983432,POST,12,200
1740887983436,POST,8,200
1740887983431,POST,13,200
1740887983436,POST,8,200
1740887983436,POST,8,200
1740887983439,POST,6,200
1740887983435,POST,10,200
