1741813515020,Album_POST,27,201
1741813515020,Album_POST,27,201
1741813515020,Album_POST,29,201
1741813515020,Album_POST,29,201
1741813515020,Album_POST,29,201
1741813515020,Album_POST,30,201
1741813515020,Album_POST,31,201
1741813515020,Album_POST,31,201
1741813515020,Album_POST,32,201
1741813515020,Album_POST,32,201
1741813515066,Review_POST,14,201
1741813515066,Review_POST,14,201
1741813515066,Review_POST,14,201
1741813515066,Review_POST,15,201
1741813515066,Review_POST,15,201
1741813515066,Review_POST,15,201
1741813515066,Review_POST,15,201
1741813515066,Review_POST,15,201
1741813515066,Review_POST,17,201
1741813515066,Review_POST,19,201
1741813515081,Review_POST,12,201
1741813515081,Review_POST,12,201
1741813515081,Review_POST,12,201
1741813515081,Review_POST,12,201
1741813515081,Review_POST,12,201
1741813515083,Review_POST,10,201
1741813515081,Review_POST,12,201
1741813515081,Review_POST,13,201
1741813515085,Review_POST,16,201
1741813515093,Review_POST,9,201
1741813515094,Review_POST,8,201
1741813515093,Review_POST,10,201
1741813515093,Review_POST,10,201
1741813515093,Review_POST,10,201
1741813515081,Review_POST,23,201
1741813515093,Review_POST,12,201
1741813515093,Review_POST,12,201
1741813515094,Review_POST,12,201
1741813515101,Review_POST,6,201
1741813515104,Review_POST,6,201
1741813517019,Album_POST,21,201
1741813517024,Album_POST,17,201
1741813517026,Album_POST,15,201
1741813517020,Album_POST,21,201
1741813517019,Album_POST,22,201
1741813517031,Album_POST,12,201
1741813517020,Album_POST,23,201
1741813517032,Album_POST,12,201
1741813517032,Album_POST,13,201
1741813517033,Album_POST,13,201
1741813517041,Review_POST,6,201
1741813517040,Review_POST,8,201
1741813517043,Review_POST,5,201
1741813517044,Review_POST,8,201
1741813517043,Review_POST,10,201
1741813517045,Review_POST,22,201
1741813517041,Review_POST,26,201
1741813517046,Review_POST,22,201
1741813517048,Review_POST,20,201
1741813517048,Review_POST,22,201
1741813517041,Review_POST,30,201
1741813517041,Review_POST,30,201
1741813517052,Review_POST,20,201
1741813517071,Review_POST,4,201
1741813517048,Review_POST,27,201
1741813517070,Review_POST,5,201
1741813517067,Review_POST,9,201
1741813517053,Review_POST,24,201
1741813517067,Review_POST,11,201
1741813517068,Review_POST,10,201
1741813517073,Review_POST,6,201
1741813517068,Review_POST,12,201
1741813517071,Review_POST,10,201
1741813517076,Review_POST,5,201
1741813517075,Review_POST,7,201
1741813517075,Review_POST,7,201
1741813517078,Review_POST,6,201
1741813517080,Review_POST,4,201
1741813517077,Review_POST,7,201
1741813517081,Review_POST,5,201
1741813519040,Album_POST,19,201
1741813519045,Album_POST,15,201
1741813519041,Album_POST,21,201
1741813519040,Album_POST,24,201
1741813519044,Album_POST,20,201
1741813519040,Album_POST,25,201
1741813519040,Album_POST,25,201
1741813519044,Album_POST,23,201
1741813519062,Review_POST,6,201
1741813519059,Review_POST,9,201
1741813519060,Review_POST,8,201
1741813519049,Album_POST,20,201
1741813519042,Album_POST,27,201
1741813519064,Review_POST,7,201
1741813519065,Review_POST,6,201
1741813519065,Review_POST,10,201
1741813519064,Review_POST,11,201
1741813519068,Review_POST,7,201
1741813519069,Review_POST,7,201
1741813519068,Review_POST,8,201
1741813519067,Review_POST,9,201
1741813519071,Review_POST,8,201
1741813519071,Review_POST,8,201
1741813519077,Review_POST,5,201
1741813519068,Review_POST,14,201
1741813519075,Review_POST,7,201
1741813519075,Review_POST,7,201
1741813519076,Review_POST,8,201
1741813519075,Review_POST,9,201
1741813519069,Review_POST,17,201
1741813519079,Review_POST,7,201
1741813519079,Review_POST,7,201
1741813519082,Review_POST,6,201
1741813519082,Review_POST,6,201
1741813519084,Review_POST,5,201
1741813519084,Review_POST,5,201
1741813519082,Review_POST,7,201
1741813519076,Review_POST,13,201
1741813519086,Review_POST,5,201
1741813519091,Review_POST,5,201
1741813521054,Album_POST,20,201
1741813521059,Album_POST,16,201
1741813521057,Album_POST,19,201
1741813521054,Album_POST,23,201
1741813521054,Album_POST,23,201
1741813521055,Album_POST,22,201
1741813521066,Album_POST,11,201
1741813521066,Album_POST,14,201
1741813521074,Review_POST,7,201
1741813521076,Review_POST,5,201
1741813521066,Album_POST,15,201
1741813521066,Album_POST,16,201
1741813521075,Review_POST,7,201
1741813521077,Review_POST,8,201
1741813521077,Review_POST,8,201
1741813521077,Review_POST,8,201
1741813521077,Review_POST,8,201
1741813521082,Review_POST,8,201
1741813521082,Review_POST,9,201
1741813521080,Review_POST,11,201
1741813521081,Review_POST,10,201
1741813521081,Review_POST,11,201
1741813521085,Review_POST,9,201
1741813521082,Review_POST,12,201
1741813521085,Review_POST,9,201
1741813521085,Review_POST,11,201
1741813521085,Review_POST,12,201
1741813521092,Review_POST,5,201
1741813521090,Review_POST,7,201
1741813521091,Review_POST,7,201
1741813521092,Review_POST,7,201
1741813521091,Review_POST,8,201
1741813521094,Review_POST,6,201
1741813521094,Review_POST,7,201
1741813521094,Review_POST,8,201
1741813521098,Review_POST,5,201
1741813521096,Review_POST,7,201
1741813521097,Review_POST,6,201
1741813521101,Review_POST,5,201
1741813521099,Review_POST,7,201
1741813523077,Album_POST,16,201
1741813523076,Album_POST,17,201
1741813523086,Album_POST,12,201
1741813523074,Album_POST,25,201
1741813523074,Album_POST,25,201
1741813523074,Album_POST,25,201
1741813523093,Review_POST,8,201
1741813523086,Album_POST,15,201
1741813523081,Album_POST,20,201
1741813523085,Album_POST,16,201
1741813523086,Album_POST,15,201
1741813523093,Review_POST,9,201
1741813523099,Review_POST,7,201
1741813523098,Review_POST,9,201
1741813523099,Review_POST,9,201
1741813523102,Review_POST,9,201
1741813523101,Review_POST,11,201
1741813523101,Review_POST,11,201
1741813523101,Review_POST,11,201
1741813523099,Review_POST,13,201
1741813523101,Review_POST,14,201
1741813523107,Review_POST,8,201
1741813523106,Review_POST,9,201
1741813523108,Review_POST,7,201
1741813523112,Review_POST,7,201
1741813523115,Review_POST,4,201
1741813523112,Review_POST,7,201
1741813523115,Review_POST,4,201
1741813523112,Review_POST,8,201
1741813523115,Review_POST,5,201
1741813523101,Review_POST,21,201
1741813523115,Review_POST,7,201
1741813523112,Review_POST,12,201
1741813523111,Review_POST,14,201
1741813523120,Review_POST,5,201
1741813523119,Review_POST,7,201
1741813523119,Review_POST,7,201
1741813523119,Review_POST,8,201
1741813523122,Review_POST,5,201
1741813523127,Review_POST,4,201
1741813525104,Album_POST,12,201
1741813525107,Album_POST,10,201
1741813525108,Album_POST,11,201
1741813525107,Album_POST,12,201
1741813525108,Album_POST,13,201
1741813525093,Album_POST,28,201
1741813525096,Album_POST,25,201
1741813525093,Album_POST,28,201
1741813525097,Album_POST,24,201
1741813525093,Album_POST,28,201
1741813525117,Review_POST,7,201
1741813525116,Review_POST,15,201
1741813525121,Review_POST,10,201
1741813525121,Review_POST,11,201
1741813525121,Review_POST,11,201
1741813525119,Review_POST,15,201
1741813525121,Review_POST,13,201
1741813525121,Review_POST,14,201
1741813525119,Review_POST,16,201
1741813525124,Review_POST,12,201
1741813525121,Review_POST,15,201
1741813525132,Review_POST,7,201
1741813525131,Review_POST,8,201
1741813525132,Review_POST,7,201
1741813525131,Review_POST,8,201
1741813525135,Review_POST,5,201
1741813525134,Review_POST,6,201
1741813525139,Review_POST,5,201
1741813525135,Review_POST,9,201
1741813525139,Review_POST,6,201
1741813525137,Review_POST,8,201
1741813525139,Review_POST,6,201
1741813525137,Review_POST,9,201
1741813525139,Review_POST,7,201
1741813525135,Review_POST,12,201
1741813525140,Review_POST,8,201
1741813525140,Review_POST,9,201
1741813525144,Review_POST,5,201
1741813525145,Review_POST,7,201
1741813525147,Review_POST,5,201
1741813527114,Album_POST,17,201
1741813527117,Album_POST,17,201
1741813527120,Album_POST,17,201
1741813527116,Album_POST,22,201
1741813527131,Review_POST,8,201
1741813527123,Album_POST,16,201
1741813527134,Review_POST,8,201
1741813527126,Album_POST,17,201
1741813527114,Album_POST,29,201
1741813527115,Album_POST,28,201
1741813527114,Album_POST,29,201
1741813527127,Album_POST,17,201
1741813527138,Review_POST,6,201
1741813527139,Review_POST,7,201
1741813527139,Review_POST,7,201
1741813527142,Review_POST,4,201
1741813527137,Review_POST,12,201
1741813527143,Review_POST,8,201
1741813527143,Review_POST,8,201
1741813527146,Review_POST,6,201
1741813527146,Review_POST,6,201
1741813527144,Review_POST,11,201
1741813527146,Review_POST,9,201
1741813527143,Review_POST,13,201
1741813527151,Review_POST,5,201
1741813527151,Review_POST,7,201
1741813527143,Review_POST,15,201
1741813527155,Review_POST,6,201
1741813527156,Review_POST,5,201
1741813527152,Review_POST,10,201
1741813527144,Review_POST,19,201
1741813527149,Review_POST,14,201
1741813527161,Review_POST,4,201
1741813527158,Review_POST,7,201
1741813527158,Review_POST,7,201
1741813527156,Review_POST,10,201
1741813527163,Review_POST,5,201
1741813527163,Review_POST,5,201
1741813527165,Review_POST,5,201
1741813527168,Review_POST,4,201
1741813529133,Album_POST,6,201
1741813529133,Album_POST,8,201
1741813529133,Album_POST,11,201
1741813529133,Album_POST,12,201
1741813529133,Album_POST,14,201
1741813529139,Review_POST,8,201
1741813529133,Album_POST,15,201
1741813529133,Album_POST,15,201
1741813529141,Review_POST,7,201
1741813529133,Album_POST,17,201
1741813529133,Album_POST,17,201
1741813529145,Review_POST,6,201
1741813529133,Album_POST,19,201
1741813529144,Review_POST,9,201
1741813529147,Review_POST,7,201
1741813529148,Review_POST,7,201
1741813529147,Review_POST,8,201
1741813529148,Review_POST,7,201
1741813529148,Review_POST,7,201
1741813529153,Review_POST,4,201
1741813529153,Review_POST,4,201
1741813529151,Review_POST,6,201
1741813529150,Review_POST,9,201
1741813529155,Review_POST,5,201
1741813529155,Review_POST,5,201
1741813529150,Review_POST,11,201
1741813529155,Review_POST,6,201
1741813529157,Review_POST,7,201
1741813529155,Review_POST,9,201
1741813529159,Review_POST,5,201
1741813529157,Review_POST,7,201
1741813529157,Review_POST,9,201
1741813529155,Review_POST,11,201
1741813529160,Review_POST,6,201
1741813529161,Review_POST,6,201
1741813529161,Review_POST,9,201
1741813529161,Review_POST,10,201
1741813529164,Review_POST,7,201
1741813529164,Review_POST,7,201
1741813529167,Review_POST,6,201
1741813531143,Album_POST,11,201
1741813531142,Album_POST,14,201
1741813531144,Album_POST,12,201
1741813531140,Album_POST,16,201
1741813531144,Album_POST,13,201
1741813531144,Album_POST,14,201
1741813531141,Album_POST,17,201
1741813531144,Album_POST,15,201
1741813531141,Album_POST,20,201
1741813531144,Album_POST,18,201
1741813531154,Review_POST,9,201
1741813531157,Review_POST,6,201
1741813531156,Review_POST,7,201
1741813531158,Review_POST,8,201
1741813531159,Review_POST,7,201
1741813531161,Review_POST,5,201
1741813531158,Review_POST,8,201
1741813531162,Review_POST,6,201
1741813531156,Review_POST,14,201
1741813531156,Review_POST,14,201
1741813531163,Review_POST,8,201
1741813531163,Review_POST,10,201
1741813531163,Review_POST,11,201
1741813531166,Review_POST,10,201
1741813531168,Review_POST,8,201
1741813531166,Review_POST,11,201
1741813531166,Review_POST,11,201
1741813531166,Review_POST,12,201
1741813531170,Review_POST,10,201
1741813531170,Review_POST,11,201
1741813531174,Review_POST,7,201
1741813531177,Review_POST,7,201
1741813531172,Review_POST,12,201
1741813531178,Review_POST,6,201
1741813531176,Review_POST,8,201
1741813531177,Review_POST,7,201
1741813531176,Review_POST,9,201
1741813531173,Review_POST,13,201
1741813531181,Review_POST,6,201
1741813531180,Review_POST,7,201
1741813533149,Album_POST,7,201
1741813533149,Album_POST,9,201
1741813533149,Album_POST,10,201
1741813533149,Album_POST,11,201
1741813533149,Album_POST,13,201
1741813533149,Album_POST,13,201
1741813533150,Album_POST,13,201
1741813533149,Album_POST,15,201
1741813533156,Review_POST,9,201
1741813533150,Album_POST,15,201
1741813533149,Album_POST,18,201
1741813533160,Review_POST,8,201
1741813533162,Review_POST,6,201
1741813533163,Review_POST,6,201
1741813533165,Review_POST,4,201
1741813533158,Review_POST,12,201
1741813533162,Review_POST,10,201
1741813533167,Review_POST,6,201
1741813533168,Review_POST,5,201
1741813533168,Review_POST,5,201
1741813533169,Review_POST,5,201
1741813533170,Review_POST,6,201
1741813533172,Review_POST,4,201
1741813533164,Review_POST,12,201
1741813533169,Review_POST,8,201
1741813533165,Review_POST,12,201
1741813533159,Review_POST,30,201
1741813533173,Review_POST,18,201
1741813533173,Review_POST,18,201
1741813533174,Review_POST,19,201
1741813533177,Review_POST,18,201
1741813533173,Review_POST,26,201
1741813533177,Review_POST,22,201
1741813533176,Review_POST,23,201
1741813533189,Review_POST,11,201
1741813533191,Review_POST,10,201
1741813533176,Review_POST,25,201
1741813533176,Review_POST,26,201
1741813533200,Review_POST,4,201
1741813533199,Review_POST,5,201
