1741396662098,GET,104,404
1741396662098,GET,104,404
1741396662098,GET,104,404
1741396662098,GET,104,404
1741396662098,GET,104,404
1741396662098,GET,104,404
1741396662098,GET,104,404
1741396662098,GET,104,404
1741396662098,GET,104,404
1741396662098,GET,104,404
1741396662210,POST,37,404
1741396662210,POST,37,404
1741396662210,POST,37,404
1741396662210,POST,38,404
1741396662210,POST,38,404
1741396662210,POST,38,404
1741396662210,POST,38,404
1741396662210,POST,38,404
1741396662210,POST,39,404
1741396662210,POST,39,404
1741396664102,GET,18,404
1741396664106,GET,15,404
1741396664103,GET,18,404
1741396664103,GET,19,404
1741396664105,GET,18,404
1741396664108,GET,15,404
1741396664107,GET,17,404
1741396664109,GET,22,404
1741396664110,GET,21,404
1741396664108,GET,23,404
1741396664121,POST,20,404
1741396664121,POST,21,404
1741396664121,POST,21,404
1741396664123,POST,22,404
1741396664122,POST,23,404
1741396664123,POST,22,404
1741396664124,POST,21,404
1741396664131,POST,25,404
1741396664131,POST,25,404
1741396664131,POST,25,404
1741396666111,GET,21,404
1741396666117,GET,15,404
1741396666113,GET,19,404
1741396666115,GET,21,404
1741396666112,GET,24,404
1741396666116,GET,20,404
1741396666115,GET,21,404
1741396666118,GET,18,404
1741396666114,GET,22,404
1741396666118,GET,18,404
1741396666137,POST,15,404
1741396666136,POST,16,404
1741396666134,POST,18,404
1741396666136,POST,17,404
1741396666136,POST,17,404
1741396666137,POST,16,404
1741396666136,POST,17,404
1741396666136,POST,18,404
1741396666136,POST,21,404
1741396666137,POST,20,404
1741396668128,GET,17,404
1741396668125,GET,20,404
1741396668127,GET,18,404
1741396668129,GET,16,404
1741396668123,GET,22,404
1741396668126,GET,19,404
1741396668123,GET,22,404
1741396668130,GET,15,404
1741396668123,GET,23,404
1741396668130,GET,16,404
1741396668145,POST,17,404
1741396668146,POST,16,404
1741396668145,POST,18,404
1741396668146,POST,17,404
1741396668146,POST,17,404
1741396668146,POST,19,404
1741396668146,POST,19,404
1741396668146,POST,19,404
1741396668146,POST,19,404
1741396668146,POST,20,404
1741396670133,GET,22,404
1741396670138,GET,17,404
1741396670133,GET,22,404
1741396670135,GET,20,404
1741396670136,GET,20,404
1741396670137,GET,19,404
1741396670132,GET,24,404
1741396670139,GET,17,404
1741396670135,GET,21,404
1741396670136,GET,20,404
1741396670156,POST,17,404
1741396670156,POST,17,404
1741396670156,POST,17,404
1741396670156,POST,17,404
1741396670156,POST,18,404
1741396670157,POST,17,404
1741396670155,POST,19,404
1741396670155,POST,19,404
1741396670156,POST,18,404
1741396670156,POST,18,404
1741396672142,GET,23,404
1741396672139,GET,26,404
1741396672144,GET,21,404
1741396672142,GET,25,404
1741396672143,GET,24,404
1741396672142,GET,26,404
1741396672139,GET,30,404
1741396672139,GET,30,404
1741396672141,GET,29,404
1741396672143,GET,26,404
1741396672167,POST,18,404
1741396672166,POST,19,404
1741396672170,POST,15,404
1741396672168,POST,17,404
1741396672167,POST,18,404
1741396672170,POST,17,404
1741396672166,POST,21,404
1741396672169,POST,18,404
1741396672170,POST,17,404
1741396672170,POST,17,404
1741396674151,GET,14,404
1741396674147,GET,18,404
1741396674149,GET,16,404
1741396674150,GET,15,404
1741396674149,GET,16,404
1741396674146,GET,19,404
1741396674147,GET,19,404
1741396674152,GET,14,404
1741396674153,GET,13,404
1741396674153,GET,16,404
1741396674166,POST,15,404
1741396674166,POST,15,404
1741396674166,POST,16,404
1741396674166,POST,18,404
1741396674165,POST,19,404
1741396674165,POST,19,404
1741396674165,POST,19,404
1741396674166,POST,18,404
1741396674165,POST,20,404
1741396674169,POST,16,404
1741396676162,GET,14,404
1741396676158,GET,18,404
1741396676161,GET,15,404
1741396676162,GET,15,404
1741396676158,GET,23,404
1741396676161,GET,20,404
1741396676160,GET,21,404
1741396676161,GET,20,404
1741396676160,GET,21,404
1741396676158,GET,24,404
1741396676177,POST,17,404
1741396676177,POST,17,404
1741396676177,POST,17,404
1741396676177,POST,17,404
1741396676181,POST,19,404
1741396676181,POST,19,404
1741396676182,POST,22,404
1741396676182,POST,22,404
1741396676182,POST,22,404
1741396676181,POST,23,404
1741396678172,GET,14,404
1741396678171,GET,17,404
1741396678173,GET,16,404
1741396678169,GET,20,404
1741396678168,GET,22,404
1741396678171,GET,19,404
1741396678168,GET,22,404
1741396678174,GET,16,404
1741396678175,GET,15,404
1741396678170,GET,20,404
1741396678186,POST,19,404
1741396678190,POST,15,404
1741396678189,POST,16,404
1741396678189,POST,19,404
1741396678189,POST,19,404
1741396678190,POST,18,404
1741396678190,POST,20,404
1741396678190,POST,20,404
1741396678190,POST,20,404
1741396678190,POST,20,404
1741396680180,GET,19,404
1741396680182,GET,17,404
1741396680183,GET,17,404
1741396680184,GET,17,404
1741396680180,GET,21,404
1741396680186,GET,17,404
1741396680190,GET,14,404
1741396680188,GET,17,404
1741396680189,GET,16,404
1741396680190,GET,15,404
1741396680199,POST,17,404
1741396680199,POST,17,404
1741396680200,POST,18,404
1741396680201,POST,17,404
1741396680201,POST,17,404
1741396680205,POST,13,404
1741396680203,POST,15,404
1741396680206,POST,14,404
1741396680205,POST,15,404
1741396680206,POST,14,404
1741396682194,GET,54,404
1741396682195,GET,53,404
1741396682197,GET,51,404
1741396682197,GET,51,404
1741396682198,GET,51,404
1741396682192,GET,57,404
1741396682196,GET,54,404
1741396682198,GET,53,404
1741396682198,GET,56,404
1741396682193,GET,62,404
1741396682250,POST,18,404
1741396682249,POST,19,404
1741396682250,POST,19,404
1741396682249,POST,20,404
1741396682249,POST,21,404
1741396682252,POST,18,404
1741396682250,POST,20,404
1741396682255,POST,17,404
1741396682249,POST,23,404
1741396682254,POST,18,404
1741396684203,GET,16,404
1741396684205,GET,14,404
1741396684204,GET,17,404
1741396684201,GET,20,404
1741396684202,GET,19,404
1741396684206,GET,15,404
1741396684201,GET,20,404
1741396684204,GET,17,404
1741396684207,GET,15,404
1741396684208,GET,14,404
1741396684222,POST,15,404
1741396684219,POST,18,404
1741396684219,POST,18,404
1741396684221,POST,17,404
1741396684221,POST,17,404
1741396684222,POST,16,404
1741396684221,POST,17,404
1741396684221,POST,18,404
1741396684221,POST,18,404
1741396684221,POST,18,404
1741396686215,GET,16,404
1741396686213,GET,18,404
1741396686214,GET,18,404
1741396686216,GET,19,404
1741396686217,GET,18,404
1741396686218,GET,17,404
1741396686218,GET,17,404
1741396686216,GET,19,404
1741396686219,GET,16,404
1741396686214,GET,22,404
1741396686231,POST,17,404
1741396686232,POST,16,404
1741396686231,POST,17,404
1741396686235,POST,17,404
1741396686235,POST,17,404
1741396686235,POST,17,404
1741396686235,POST,19,404
1741396686235,POST,19,404
1741396686236,POST,18,404
1741396686235,POST,19,404
1741396688223,GET,18,404
1741396688225,GET,16,404
1741396688225,GET,19,404
1741396688225,GET,19,404
1741396688223,GET,21,404
1741396688223,GET,22,404
1741396688224,GET,22,404
1741396688227,GET,19,404
1741396688223,GET,23,404
1741396688226,GET,20,404
1741396688241,POST,16,404
1741396688241,POST,16,404
1741396688244,POST,17,404
1741396688246,POST,19,404
1741396688245,POST,20,404
1741396688244,POST,21,404
1741396688246,POST,19,404
1741396688246,POST,19,404
1741396688246,POST,19,404
1741396688244,POST,21,404
1741396690231,GET,15,404
1741396690232,GET,17,404
1741396690231,GET,18,404
1741396690233,GET,17,404
1741396690230,GET,20,404
1741396690236,GET,14,404
1741396690235,GET,16,404
1741396690239,GET,15,404
1741396690239,GET,15,404
1741396690242,GET,15,404
1741396690246,POST,15,404
1741396690250,POST,18,404
1741396690250,POST,18,404
1741396690250,POST,18,404
1741396690251,POST,17,404
1741396690249,POST,19,404
1741396690249,POST,19,404
1741396690254,POST,17,404
1741396690254,POST,17,404
1741396690257,POST,15,404
1741396692245,GET,41,404
1741396692249,GET,37,404
1741396692248,GET,38,404
1741396692249,GET,38,404
1741396692247,GET,40,404
1741396692246,GET,40,404
1741396692250,GET,39,404
1741396692247,GET,42,404
1741396692245,GET,41,404
1741396692247,GET,43,404
1741396692287,POST,19,404
1741396692288,POST,18,404
1741396692289,POST,18,404
1741396692290,POST,18,404
1741396692288,POST,20,404
1741396692289,POST,19,404
1741396692291,POST,17,404
1741396692287,POST,21,404
1741396692287,POST,21,404
1741396692289,POST,19,404
1741396694255,GET,18,404
1741396694256,GET,17,404
1741396694258,GET,15,404
1741396694255,GET,21,404
1741396694257,GET,20,404
1741396694259,GET,19,404
1741396694255,GET,24,404
1741396694260,GET,19,404
1741396694259,GET,20,404
1741396694259,GET,21,404
1741396694274,POST,17,404
1741396694275,POST,16,404
1741396694277,POST,20,404
1741396694276,POST,21,404
1741396694279,POST,18,404
1741396694278,POST,19,404
1741396694280,POST,17,404
1741396694280,POST,17,404
1741396694277,POST,20,404
1741396694279,POST,18,404
1741396696261,GET,23,404
1741396696265,GET,19,404
1741396696266,GET,18,404
1741396696269,GET,15,404
1741396696267,GET,17,404
1741396696264,GET,20,404
1741396696268,GET,16,404
1741396696267,GET,20,404
1741396696261,GET,23,404
1741396696263,GET,26,404
1741396696284,POST,17,404
1741396696286,POST,18,404
1741396696285,POST,20,404
1741396696287,POST,18,404
1741396696288,POST,17,404
1741396696284,POST,21,404
1741396696285,POST,20,404
1741396696286,POST,19,404
1741396696289,POST,16,404
1741396696289,POST,16,404
1741396698273,GET,16,404
1741396698273,GET,16,404
1741396698273,GET,16,404
1741396698272,GET,19,404
1741396698270,GET,22,404
1741396698270,GET,22,404
1741396698272,GET,20,404
1741396698270,GET,23,404
1741396698272,GET,21,404
1741396698274,GET,20,404
1741396698289,POST,16,404
1741396698292,POST,19,404
1741396698290,POST,21,404
1741396698292,POST,19,404
1741396698295,POST,16,404
1741396698289,POST,22,404
1741396698292,POST,22,404
1741396698291,POST,23,404
1741396698296,POST,18,404
1741396698298,POST,17,404
1741396700279,GET,18,404
1741396700279,GET,18,404
1741396700279,GET,18,404
1741396700279,GET,18,404
1741396700279,GET,18,404
1741396700279,GET,20,404
1741396700279,GET,20,404
1741396700279,GET,20,404
1741396700279,GET,20,404
1741396700279,GET,20,404
1741396700297,POST,16,404
1741396700297,POST,16,404
1741396700298,POST,15,404
1741396700298,POST,15,404
1741396700299,POST,16,404
1741396700299,POST,16,404
1741396700299,POST,16,404
1741396700299,POST,16,404
1741396700299,POST,16,404
1741396700297,POST,18,404
