1740424260701,GET,283,404
1740424260701,GET,283,404
1740424260701,GET,283,404
1740424260701,GET,290,200
1740424260701,GET,445,200
1740424260701,GET,445,200
1740424260990,POST,156,200
1740424260990,POST,156,404
1740424260701,GET,445,200
1740424260990,POST,157,404
1740424260701,GET,445,404
1740424260701,GET,445,200
1740424260991,POST,156,404
1740424260701,GET,446,404
1740424261146,POST,107,200
1740424261147,POST,117,404
1740424261147,POST,117,404
1740424261147,POST,136,200
1740424261147,POST,141,200
1740424261147,POST,236,200
1740424262709,GET,104,404
1740424262707,GET,106,200
1740424262710,GET,104,404
1740424262709,GET,106,404
1740424262710,GET,103,200
1740424262711,GET,104,404
1740424262707,GET,110,200
1740424262708,GET,112,200
1740424262709,GET,111,404
1740424262710,GET,114,200
1740424262815,POST,101,404
1740424262820,POST,122,404
1740424262820,POST,136,200
1740424262825,POST,135,200
1740424262816,POST,152,404
1740424262817,POST,172,200
1740424262816,POST,208,404
1740424262814,POST,223,200
1740424262814,POST,433,404
1740424262814,POST,775,200
1740424264717,GET,194,404
1740424264718,GET,195,404
1740424264718,GET,196,404
1740424264720,GET,195,404
1740424264720,GET,195,404
1740424264719,GET,197,200
1740424264720,GET,196,200
1740424264721,GET,200,200
1740424264721,GET,200,200
1740424264720,GET,201,200
1740424264915,POST,107,404
1740424264922,POST,123,404
1740424264921,POST,136,200
1740424264921,POST,138,200
1740424264914,POST,145,404
1740424264917,POST,218,200
1740424264912,POST,429,200
1740424264913,POST,428,404
1740424264915,POST,1136,404
1740424264917,POST,1478,200
1740424266725,GET,193,200
1740424266725,GET,193,404
1740424266727,GET,192,200
1740424266730,GET,189,404
1740424266730,GET,189,404
1740424266729,GET,191,200
1740424266731,GET,189,404
1740424266729,GET,191,200
1740424266731,GET,190,200
1740424266728,GET,190,404
1740424266920,POST,118,404
1740424266921,POST,138,200
1740424266923,POST,155,404
1740424266920,POST,161,200
1740424266920,POST,194,404
1740424266920,POST,311,200
1740424266926,POST,308,200
1740424266921,POST,1045,200
1740424266922,POST,1045,404
1740424266920,POST,1047,404
1740424268738,GET,94,404
1740424268739,GET,95,200
1740424268741,GET,93,404
1740424268746,GET,96,404
1740424268737,GET,322,200
1740424268745,GET,320,404
1740424268741,GET,324,404
1740424268743,GET,326,200
1740424268746,GET,323,200
1740424268743,GET,327,200
1740424269065,POST,106,404
1740424269069,POST,208,200
1740424269059,POST,689,404
1740424269069,POST,700,200
1740424268834,POST,1229,404
1740424269071,POST,1189,200
1740424268842,POST,1931,404
1740424270751,GET,95,404
1740424270749,GET,119,404
1740424270749,GET,120,404
1740424270750,GET,122,200
1740424270752,GET,125,404
1740424270750,GET,129,200
1740424268833,POST,2057,200
1740424270753,GET,359,200
1740424270877,POST,236,404
1740424270872,POST,241,200
1740424270753,GET,360,200
1740424270752,GET,362,404
1740424270754,GET,358,404
1740424268834,POST,2280,200
1740424271114,POST,118,404
1740424271113,POST,147,200
1740424271114,POST,151,200
1740424270847,POST,465,200
1740424270869,POST,450,404
1740424270879,POST,443,404
1740424270870,POST,455,200
1740424271115,POST,319,404
1740424269065,POST,3196,404
1740424272759,GET,119,200
1740424272759,GET,121,200
1740424272762,GET,119,404
1740424272759,GET,123,404
1740424272759,GET,123,404
1740424272761,GET,125,200
1740424272763,GET,123,404
1740424272762,GET,125,200
1740424272763,GET,127,200
1740424272763,GET,129,200
1740424272882,POST,111,404
1740424272892,POST,107,404
1740424272886,POST,137,200
1740424272890,POST,160,404
1740424272881,POST,331,404
1740424272882,POST,331,404
1740424272882,POST,331,200
1740424272879,POST,445,200
1740424272887,POST,437,404
1740424272886,POST,448,200
1740424274766,GET,114,200
1740424274768,GET,113,404
1740424274769,GET,112,404
1740424274766,GET,114,404
1740424274767,GET,113,200
1740424274766,GET,123,200
1740424274768,GET,121,200
1740424274769,GET,120,200
1740424274769,GET,120,200
1740424274769,GET,120,404
1740424274882,POST,99,404
1740424274889,POST,114,404
1740424274892,POST,116,404
1740424274889,POST,131,200
1740424274882,POST,154,404
1740424274890,POST,202,200
1740424274883,POST,270,200
1740424274882,POST,271,200
1740424274882,POST,271,404
1740424274890,POST,418,404
1740424276772,GET,202,404
1740424276772,GET,202,200
1740424276772,GET,203,200
1740424276775,GET,199,404
1740424276777,GET,200,404
1740424276776,GET,201,404
1740424276774,GET,205,200
1740424276776,GET,203,200
1740424276772,GET,207,200
1740424276776,GET,208,200
1740424276975,POST,123,200
1740424276980,POST,122,404
1740424276980,POST,127,200
1740424276985,POST,124,404
1740424276976,POST,164,200
1740424276975,POST,187,404
1740424276978,POST,206,404
1740424276978,POST,212,404
1740424276980,POST,425,200
1740424276975,POST,1134,404
1740424278783,GET,195,200
1740424278785,GET,193,404
1740424278782,GET,197,404
1740424278782,GET,198,404
1740424278785,GET,195,404
1740424278779,GET,202,200
1740424278784,GET,197,200
1740424278785,GET,197,200
1740424278779,GET,199,200
1740424278784,GET,194,200
1740424278980,POST,110,404
1740424278979,POST,133,200
1740424278990,POST,126,404
1740424278982,POST,164,404
1740424278981,POST,174,200
1740424278985,POST,205,404
1740424278979,POST,247,200
1740424278980,POST,288,404
1740424278979,POST,310,404
1740424278982,POST,856,200
